,date,device_category,country,event_name,item_name,item_id,page_title,content,trigger,content_type,type,session_id,ga_session_number,skywards_tier,event_count,operating_system,downloads
0,2023-01-01,tablet,Australia,session_start,,,,,auto,,,1672571483,3.0,SILVER,10,iOS,
1,2023-01-01,tablet,Australia,screen_view,,,,Splash screen,app,,,1672571483,3.0,SILVER,10,iOS,
2,2023-01-01,tablet,Australia,screen_view,,,,Home,app,,BaseTabBarViewController,1672571483,3.0,SILVER,10,iOS,
3,2023-01-01,tablet,Australia,screen_view,,,,,auto,,HomeViewController,1672571483,3.0,SILVER,11,iOS,
4,2023-01-01,tablet,Australia,user_engagement,,,,,auto,,HomeViewController,1672571483,3.0,SILVER,11,iOS,
5,2023-01-01,tablet,Australia,screen_view,,,,Categories,app,,BaseTabBarViewController,1672571483,3.0,SILVER,11,iOS,
6,2023-01-01,tablet,Australia,screen_view,,,,,auto,,CategoriesViewController,1672571483,3.0,SILVER,11,iOS,
7,2023-01-01,tablet,Australia,select_content,Categories:Services,Categories:Services,Categories,,app,card,CategoriesViewController,1672571483,3.0,SILVER,12,iOS,
8,2023-01-01,tablet,Australia,user_engagement,,,,,auto,,CategoriesViewController,1672571483,3.0,SILVER,12,iOS,
9,2023-01-01,tablet,Australia,screen_view,,,,Category/Services,app,,BaseTabBarViewController,1672571483,3.0,SILVER,12,iOS,
10,2023-01-01,tablet,Australia,screen_view,,,,,auto,,SpecificPartnerViewController,1672571483,3.0,SILVER,12,iOS,
11,2023-01-01,tablet,Australia,user_engagement,,,,,auto,,SpecificPartnerViewController,1672571483,3.0,SILVER,12,iOS,
12,2023-01-01,tablet,Australia,screen_view,,,,Categories,app,,BaseTabBarViewController,1672571483,3.0,SILVER,12,iOS,
13,2023-01-01,tablet,Australia,screen_view,,,,,auto,,CategoriesViewController,1672571483,3.0,SILVER,12,iOS,
14,2023-01-01,tablet,Australia,select_content,Categories:Fine Dining,Categories:Fine Dining,Categories,,app,card,CategoriesViewController,1672571483,3.0,SILVER,12,iOS,
15,2023-01-01,tablet,Australia,user_engagement,,,,,auto,,CategoriesViewController,1672571483,3.0,SILVER,12,iOS,
16,2023-01-01,tablet,Australia,screen_view,,,,Category/Fine dining,app,,BaseTabBarViewController,1672571483,3.0,SILVER,12,iOS,
17,2023-01-01,tablet,Australia,screen_view,,,,,auto,,SpecificPartnerViewController,1672571483,3.0,SILVER,12,iOS,
18,2023-01-01,tablet,Australia,user_engagement,,,,,auto,,SpecificPartnerViewController,1672571483,3.0,SILVER,12,iOS,
19,2023-01-01,tablet,Australia,screen_view,,,,Categories,app,,BaseTabBarViewController,1672571483,3.0,SILVER,12,iOS,
20,2023-01-01,tablet,Australia,screen_view,,,,,auto,,CategoriesViewController,1672571483,3.0,SILVER,12,iOS,
21,2023-01-01,tablet,Australia,user_engagement,,,,,auto,,CategoriesViewController,1672571483,3.0,SILVER,12,iOS,
22,2023-01-01,tablet,New Zealand,session_start,,,,,auto,,,1672565059,11.0,BLUE,44,iOS,
23,2023-01-01,tablet,New Zealand,screen_view,,,,Splash screen,app,,,1672565059,11.0,BLUE,44,iOS,
24,2023-01-01,tablet,New Zealand,screen_view,,,,Home,app,,BaseTabBarViewController,1672565059,11.0,BLUE,44,iOS,
25,2023-01-01,tablet,New Zealand,screen_view,,,,,auto,,HomeViewController,1672565059,11.0,BLUE,45,iOS,
26,2023-01-01,tablet,New Zealand,user_engagement,,,,,auto,,HomeViewController,1672565059,11.0,BLUE,45,iOS,
27,2023-01-01,tablet,New Zealand,screen_view,,,,My Profile,app,,BaseTabBarViewController,1672565059,11.0,BLUE,45,iOS,
28,2023-01-01,tablet,New Zealand,screen_view,,,,,auto,,MyProfileViewController,1672565059,11.0,BLUE,45,iOS,
29,2023-01-01,tablet,New Zealand,select_content,Location:On,Location:On,My Profile,,app,toggle,MyProfileViewController,1672565059,11.0,BLUE,45,iOS,
30,2023-01-01,tablet,New Zealand,select_content,Skywards Everyday Statement,Skywards Everyday Statement,My Profile,,app,link,MyProfileViewController,1672565059,11.0,BLUE,46,iOS,
31,2023-01-01,tablet,New Zealand,user_engagement,,,,,auto,,MyProfileViewController,1672565059,11.0,BLUE,46,iOS,
32,2023-01-01,tablet,New Zealand,screen_view,,,,,auto,,StatementsViewController,1672565059,11.0,BLUE,46,iOS,
33,2023-01-01,tablet,New Zealand,screen_view,,,,Skywards Everyday Statement:No transactions yet,app,,BaseTabBarViewController,1672565059,11.0,BLUE,46,iOS,
34,2023-01-01,tablet,New Zealand,user_engagement,,,,Skywards Everyday Statement:No transactions yet,auto,,BaseTabBarViewController,1672565059,11.0,BLUE,46,iOS,
35,2023-01-01,tablet,New Zealand,screen_view,,,,My Profile,app,,BaseTabBarViewController,1672565059,11.0,BLUE,46,iOS,
36,2023-01-01,tablet,New Zealand,screen_view,,,,,auto,,MyProfileViewController,1672565059,11.0,BLUE,46,iOS,
37,2023-01-01,tablet,New Zealand,select_content,Useful Information:Contact Us,Useful Information:Contact Us,My Profile,,app,link,MyProfileViewController,1672565059,11.0,BLUE,46,iOS,
38,2023-01-01,tablet,New Zealand,screen_view,,,,Contact Us,app,,BaseTabBarViewController,1672565059,11.0,BLUE,46,iOS,
39,2023-01-01,tablet,New Zealand,user_engagement,,,,,auto,,MyProfileViewController,1672565059,11.0,BLUE,46,iOS,
40,2023-01-01,tablet,New Zealand,user_engagement,,,,Contact Us,auto,,BaseTabBarViewController,1672565059,11.0,BLUE,46,iOS,
41,2023-01-01,tablet,New Zealand,screen_view,,,,,auto,,SFAuthenticationViewController,1672565059,11.0,BLUE,47,iOS,
42,2023-01-01,tablet,New Zealand,user_engagement,,,,,auto,,SFAuthenticationViewController,1672565059,11.0,BLUE,47,iOS,
43,2023-01-01,tablet,New Zealand,screen_view,,,,,auto,,MyProfileViewController,1672565059,11.0,BLUE,47,iOS,
44,2023-01-01,tablet,New Zealand,user_engagement,,,,,auto,,MyProfileViewController,1672565059,11.0,BLUE,47,iOS,
45,2023-01-01,tablet,New Zealand,session_start,,,,,auto,,,1672519057,13.0,GOLD,60,iOS,
46,2023-01-01,tablet,New Zealand,screen_view,,,,Splash screen,app,,,1672519057,13.0,GOLD,60,iOS,
47,2023-01-01,tablet,New Zealand,screen_view,,,,Home,app,,BaseTabBarViewController,1672519057,13.0,GOLD,60,iOS,
48,2023-01-01,tablet,New Zealand,screen_view,,,,,auto,,HomeViewController,1672519057,13.0,GOLD,61,iOS,
49,2023-01-01,tablet,New Zealand,user_engagement,,,,,auto,,HomeViewController,1672519057,13.0,GOLD,61,iOS,
50,2023-01-01,tablet,New Zealand,screen_view,,,,Categories,app,,BaseTabBarViewController,1672519057,13.0,GOLD,61,iOS,
51,2023-01-01,tablet,New Zealand,screen_view,,,,,auto,,CategoriesViewController,1672519057,13.0,GOLD,61,iOS,
52,2023-01-01,tablet,New Zealand,select_content,Categories:All Partners,Categories:All Partners,Categories,,app,card,CategoriesViewController,1672519057,13.0,GOLD,62,iOS,
53,2023-01-01,tablet,New Zealand,user_engagement,,,,,auto,,CategoriesViewController,1672519057,13.0,GOLD,62,iOS,
54,2023-01-01,tablet,New Zealand,screen_view,,,,All Partners,app,,BaseTabBarViewController,1672519057,13.0,GOLD,62,iOS,
55,2023-01-01,tablet,New Zealand,screen_view,,,,,auto,,AllPartnersViewController,1672519057,13.0,GOLD,62,iOS,
56,2023-01-01,tablet,New Zealand,user_engagement,,,,,auto,,AllPartnersViewController,1672519057,13.0,GOLD,62,iOS,
57,2023-01-01,mobile,Australia,session_start,,,,,auto,,,1672573681,2.0,,4,iOS,
58,2023-01-01,mobile,Australia,screen_view,,,,Splash screen,app,,,1672573681,2.0,,4,iOS,
59,2023-01-01,mobile,Australia,os_update,,,,Splash screen,auto,,,1672573681,2.0,,4,iOS,
60,2023-01-01,mobile,Australia,screen_view,,,,Log in,app,,,1672573681,2.0,,4,iOS,
61,2023-01-01,mobile,Australia,screen_view,,,,,auto,,LoginViewController,1672573681,2.0,,4,iOS,
62,2023-01-01,mobile,Australia,user_engagement,,,,,auto,,LoginViewController,1672573681,2.0,,4,iOS,
63,2023-01-01,mobile,Australia,session_start,,,,,auto,,,1672548027,2.0,,4,iOS,
64,2023-01-01,mobile,Australia,screen_view,,,,Splash screen,app,,,1672548027,2.0,,4,iOS,
65,2023-01-01,mobile,Australia,screen_view,,,,Log in,app,,,1672548027,2.0,,4,iOS,
66,2023-01-01,mobile,Australia,screen_view,,,,,auto,,LoginViewController,1672548027,2.0,,4,iOS,
67,2023-01-01,mobile,Australia,user_engagement,,,,,auto,,LoginViewController,1672548027,2.0,,5,iOS,
68,2023-01-01,mobile,New Zealand,first_open,,,,,auto,,,1672551859,,,1,iOS,1.0
69,2023-01-01,mobile,New Zealand,session_start,,,,,auto,,,1672551859,1.0,,2,iOS,
70,2023-01-01,mobile,New Zealand,session_start,,,,,auto,,CategoriesViewController,1672557074,2.0,GOLD,8,iOS,
71,2023-01-01,mobile,New Zealand,user_engagement,,,,,auto,,,1672551859,1.0,,2,iOS,
72,2023-01-01,mobile,New Zealand,screen_view,,,,Splash screen,app,,,1672551859,1.0,,2,iOS,
73,2023-01-01,mobile,New Zealand,screen_view,,,,Log in,app,,,1672551859,1.0,,2,iOS,
74,2023-01-01,mobile,New Zealand,screen_view,,,,,auto,,LoginViewController,1672551859,1.0,,2,iOS,
75,2023-01-01,mobile,New Zealand,user_engagement,,,,,auto,,LoginViewController,1672551859,1.0,,3,iOS,
76,2023-01-01,mobile,New Zealand,screen_view,,,,,auto,,SFAuthenticationViewController,1672551859,1.0,,4,iOS,
77,2023-01-01,mobile,New Zealand,user_engagement,,,,,auto,,SFAuthenticationViewController,1672551859,1.0,,4,iOS,
78,2023-01-01,mobile,New Zealand,user_engagement,,,,,auto,,SFAuthenticationViewController,1672551859,1.0,,5,iOS,
79,2023-01-01,mobile,New Zealand,screen_view,,,,,auto,,LoginViewController,1672551859,1.0,,5,iOS,
80,2023-01-01,mobile,New Zealand,user_engagement,,,,,auto,,LoginViewController,1672551859,1.0,GOLD,6,iOS,
81,2023-01-01,mobile,New Zealand,screen_view,,,,Home,app,,LoginViewController,1672551859,1.0,GOLD,6,iOS,
82,2023-01-01,mobile,New Zealand,screen_view,,,,,auto,,HomeViewController,1672551859,1.0,GOLD,7,iOS,
83,2023-01-01,mobile,New Zealand,user_engagement,,,,,auto,,HomeViewController,1672551859,1.0,GOLD,7,iOS,
84,2023-01-01,mobile,New Zealand,screen_view,,,,Categories,app,,LoginViewController,1672551859,1.0,GOLD,7,iOS,
85,2023-01-01,mobile,New Zealand,screen_view,,,,,auto,,CategoriesViewController,1672551859,1.0,GOLD,7,iOS,
86,2023-01-01,mobile,New Zealand,select_content,Categories:All Partners,Categories:All Partners,Categories,,app,card,CategoriesViewController,1672551859,1.0,GOLD,7,iOS,
87,2023-01-01,mobile,New Zealand,user_engagement,,,,,auto,,CategoriesViewController,1672551859,1.0,GOLD,7,iOS,
88,2023-01-01,mobile,New Zealand,screen_view,,,,All Partners,app,,LoginViewController,1672551859,1.0,GOLD,7,iOS,
89,2023-01-01,mobile,New Zealand,screen_view,,,,,auto,,AllPartnersViewController,1672551859,1.0,GOLD,7,iOS,
90,2023-01-01,mobile,New Zealand,select_content,Merchant name,Merchant name,,,app,card,AllPartnersViewController,1672551859,1.0,GOLD,7,iOS,
91,2023-01-01,mobile,New Zealand,user_engagement,,,,,auto,,AllPartnersViewController,1672551859,1.0,GOLD,7,iOS,
92,2023-01-01,mobile,New Zealand,screen_view,,,,/Merchants/Beauty and wellness/AESOP,app,,LoginViewController,1672551859,1.0,GOLD,7,iOS,
93,2023-01-01,mobile,New Zealand,screen_view,,,,,auto,,SponsorDetailViewController,1672551859,1.0,GOLD,7,iOS,
94,2023-01-01,mobile,New Zealand,user_engagement,,,,,auto,,SponsorDetailViewController,1672551859,1.0,GOLD,7,iOS,
95,2023-01-01,mobile,New Zealand,screen_view,,,,All Partners,app,,LoginViewController,1672551859,1.0,GOLD,7,iOS,
96,2023-01-01,mobile,New Zealand,screen_view,,,,,auto,,AllPartnersViewController,1672551859,1.0,GOLD,7,iOS,
97,2023-01-01,mobile,New Zealand,user_engagement,,,,,auto,,AllPartnersViewController,1672551859,1.0,GOLD,7,iOS,
98,2023-01-01,mobile,New Zealand,screen_view,,,,Categories,app,,LoginViewController,1672551859,1.0,GOLD,7,iOS,
99,2023-01-01,mobile,New Zealand,screen_view,,,,,auto,,CategoriesViewController,1672551859,1.0,GOLD,7,iOS,
100,2023-01-01,mobile,New Zealand,select_content,Categories:High Street Shopping,Categories:High Street Shopping,Categories,,app,card,CategoriesViewController,1672551859,1.0,GOLD,7,iOS,
101,2023-01-01,mobile,New Zealand,user_engagement,,,,,auto,,CategoriesViewController,1672551859,1.0,GOLD,7,iOS,
102,2023-01-01,mobile,New Zealand,screen_view,,,,Category/High street shopping,app,,LoginViewController,1672551859,1.0,GOLD,7,iOS,
103,2023-01-01,mobile,New Zealand,screen_view,,,,,auto,,SpecificPartnerViewController,1672551859,1.0,GOLD,7,iOS,
104,2023-01-01,mobile,New Zealand,user_engagement,,,,,auto,,SpecificPartnerViewController,1672551859,1.0,GOLD,7,iOS,
105,2023-01-01,mobile,New Zealand,screen_view,,,,Categories,app,,LoginViewController,1672551859,1.0,GOLD,7,iOS,
106,2023-01-01,mobile,New Zealand,screen_view,,,,,auto,,CategoriesViewController,1672551859,1.0,GOLD,7,iOS,
107,2023-01-01,mobile,New Zealand,select_content,Categories:Special Offers,Categories:Special Offers,Categories,,app,card,CategoriesViewController,1672551859,1.0,GOLD,7,iOS,
108,2023-01-01,mobile,New Zealand,user_engagement,,,,,auto,,CategoriesViewController,1672551859,1.0,GOLD,7,iOS,
109,2023-01-01,mobile,New Zealand,screen_view,,,,,auto,,SpecialOffersViewController,1672551859,1.0,GOLD,7,iOS,
110,2023-01-01,mobile,New Zealand,user_engagement,,,,,auto,,SpecialOffersViewController,1672551859,1.0,GOLD,7,iOS,
111,2023-01-01,mobile,New Zealand,screen_view,,,,Categories,app,,LoginViewController,1672551859,1.0,GOLD,7,iOS,
112,2023-01-01,mobile,New Zealand,screen_view,,,,,auto,,CategoriesViewController,1672551859,1.0,GOLD,7,iOS,
113,2023-01-01,mobile,New Zealand,user_engagement,,,,,auto,,CategoriesViewController,1672551859,1.0,GOLD,7,iOS,
114,2023-01-01,mobile,New Zealand,user_engagement,,,,,auto,,CategoriesViewController,1672557074,2.0,GOLD,8,iOS,
115,2023-01-01,mobile,Australia,session_start,,,,,auto,,,1672553346,4.0,SILVER,15,iOS,
116,2023-01-01,mobile,Australia,screen_view,,,,Splash screen,app,,,1672553346,4.0,SILVER,15,iOS,
117,2023-01-01,mobile,Australia,os_update,,,,Splash screen,auto,,,1672553346,4.0,SILVER,15,iOS,
118,2023-01-01,mobile,Australia,screen_view,,,,Home,app,,BaseTabBarViewController,1672553346,4.0,SILVER,15,iOS,
119,2023-01-01,mobile,Australia,screen_view,,,,,auto,,HomeViewController,1672553346,4.0,SILVER,16,iOS,
120,2023-01-01,mobile,Australia,user_engagement,,,,,auto,,HomeViewController,1672553346,4.0,SILVER,16,iOS,
121,2023-01-01,mobile,Australia,session_start,,,,,auto,,,1672529893,2.0,,3,iOS,
122,2023-01-01,mobile,Australia,screen_view,,,,Splash screen,app,,,1672529893,2.0,,3,iOS,
123,2023-01-01,mobile,Australia,os_update,,,,Splash screen,auto,,,1672529893,2.0,,3,iOS,
124,2023-01-01,mobile,Australia,screen_view,,,,Log in,app,,,1672529893,2.0,,3,iOS,
125,2023-01-01,mobile,Australia,screen_view,,,,,auto,,LoginViewController,1672529893,2.0,,3,iOS,
126,2023-01-01,mobile,Australia,user_engagement,,,,,auto,,LoginViewController,1672529893,2.0,,3,iOS,
127,2023-01-01,mobile,Australia,user_engagement,,,,,auto,,LoginViewController,1672529893,2.0,,4,iOS,
128,2023-01-01,mobile,New Zealand,session_start,,,,,auto,,,1672525699,4.0,SILVER,12,iOS,
129,2023-01-01,mobile,New Zealand,screen_view,,,,Splash screen,app,,,1672525699,4.0,SILVER,12,iOS,
130,2023-01-01,mobile,New Zealand,screen_view,,,,Home,app,,BaseTabBarViewController,1672525699,4.0,SILVER,12,iOS,
131,2023-01-01,mobile,New Zealand,screen_view,,,,,auto,,HomeViewController,1672525699,4.0,SILVER,13,iOS,
132,2023-01-01,mobile,New Zealand,user_engagement,,,,,auto,,HomeViewController,1672525699,4.0,SILVER,13,iOS,
133,2023-01-01,mobile,New Zealand,first_open,,,,,auto,,,1672521712,,,1,iOS,1.0
134,2023-01-01,mobile,New Zealand,session_start,,,,,auto,,,1672521712,1.0,,2,iOS,
135,2023-01-01,mobile,New Zealand,user_engagement,,,,,auto,,,1672521712,1.0,,2,iOS,
136,2023-01-01,mobile,New Zealand,screen_view,,,,Splash screen,app,,,1672521712,1.0,,2,iOS,
137,2023-01-01,mobile,New Zealand,screen_view,,,,Log in,app,,,1672521712,1.0,,2,iOS,
138,2023-01-01,mobile,New Zealand,screen_view,,,,,auto,,LoginViewController,1672521712,1.0,,2,iOS,
139,2023-01-01,mobile,New Zealand,user_engagement,,,,,auto,,LoginViewController,1672521712,1.0,,2,iOS,
140,2023-01-01,mobile,New Zealand,screen_view,,,,,auto,,SFAuthenticationViewController,1672521712,1.0,,3,iOS,
141,2023-01-01,mobile,New Zealand,user_engagement,,,,,auto,,SFAuthenticationViewController,1672521712,1.0,,3,iOS,
142,2023-01-01,mobile,New Zealand,user_engagement,,,,,auto,,SFAuthenticationViewController,1672521712,1.0,,4,iOS,
143,2023-01-01,mobile,New Zealand,screen_view,,,,,auto,,LoginViewController,1672521712,1.0,,4,iOS,
144,2023-01-01,mobile,New Zealand,user_engagement,,,,,auto,,LoginViewController,1672521712,1.0,BLUE,5,iOS,
145,2023-01-01,mobile,New Zealand,screen_view,,,,Home,app,,LoginViewController,1672521712,1.0,BLUE,5,iOS,
146,2023-01-01,mobile,New Zealand,screen_view,,,,,auto,,HomeViewController,1672521712,1.0,BLUE,6,iOS,
147,2023-01-01,mobile,New Zealand,user_engagement,,,,,auto,,HomeViewController,1672521712,1.0,BLUE,6,iOS,
148,2023-01-01,mobile,New Zealand,screen_view,,,,My Profile,app,,LoginViewController,1672521712,1.0,BLUE,6,iOS,
149,2023-01-01,mobile,New Zealand,screen_view,,,,,auto,,MyProfileViewController,1672521712,1.0,BLUE,6,iOS,
150,2023-01-01,mobile,New Zealand,select_content,Location:On,Location:On,My Profile,,app,toggle,MyProfileViewController,1672521712,1.0,BLUE,6,iOS,
151,2023-01-01,mobile,New Zealand,user_engagement,,,,,auto,,MyProfileViewController,1672521712,1.0,BLUE,6,iOS,
152,2023-01-01,mobile,New Zealand,screen_view,,,,Categories,app,,LoginViewController,1672521712,1.0,BLUE,6,iOS,
153,2023-01-01,mobile,New Zealand,screen_view,,,,,auto,,CategoriesViewController,1672521712,1.0,BLUE,6,iOS,
154,2023-01-01,mobile,New Zealand,user_engagement,,,,,auto,,CategoriesViewController,1672521712,1.0,BLUE,6,iOS,
155,2023-01-01,mobile,New Zealand,screen_view,,,,,auto,,PopupViewcontroller,1672521712,1.0,BLUE,6,iOS,
156,2023-01-01,mobile,New Zealand,user_engagement,,,,,auto,,PopupViewcontroller,1672521712,1.0,BLUE,6,iOS,
157,2023-01-01,mobile,New Zealand,screen_view,,,,,auto,,CategoriesViewController,1672521712,1.0,BLUE,6,iOS,
158,2023-01-01,mobile,New Zealand,screen_view,,,,,auto,,PopupViewcontroller,1672521712,1.0,BLUE,6,iOS,
159,2023-01-01,mobile,New Zealand,user_engagement,,,,,auto,,PopupViewcontroller,1672521712,1.0,BLUE,6,iOS,
160,2023-01-01,mobile,New Zealand,screen_view,,,,,auto,,CategoriesViewController,1672521712,1.0,BLUE,6,iOS,
161,2023-01-01,mobile,New Zealand,screen_view,,,,Home,app,,LoginViewController,1672521712,1.0,BLUE,6,iOS,
162,2023-01-01,mobile,New Zealand,user_engagement,,,,,auto,,CategoriesViewController,1672521712,1.0,BLUE,6,iOS,
163,2023-01-01,mobile,New Zealand,screen_view,,,,,auto,,HomeViewController,1672521712,1.0,BLUE,6,iOS,
164,2023-01-01,mobile,New Zealand,screen_view,,,,My Profile,app,,LoginViewController,1672521712,1.0,BLUE,6,iOS,
165,2023-01-01,mobile,New Zealand,user_engagement,,,,,auto,,HomeViewController,1672521712,1.0,BLUE,6,iOS,
166,2023-01-01,mobile,New Zealand,screen_view,,,,,auto,,MyProfileViewController,1672521712,1.0,BLUE,6,iOS,
167,2023-01-01,mobile,New Zealand,user_engagement,,,,,auto,,MyProfileViewController,1672521712,1.0,BLUE,6,iOS,
168,2023-01-01,mobile,New Zealand,screen_view,,,,Home,app,,LoginViewController,1672521712,1.0,BLUE,6,iOS,
169,2023-01-01,mobile,New Zealand,screen_view,,,,,auto,,HomeViewController,1672521712,1.0,BLUE,6,iOS,
170,2023-01-01,mobile,New Zealand,user_engagement,,,,,auto,,HomeViewController,1672521712,1.0,BLUE,6,iOS,
171,2023-01-01,mobile,Australia,session_start,,,,,auto,,HomeViewController,1672536561,24.0,BLUE,69,iOS,
172,2023-01-01,mobile,Australia,session_start,,,,,auto,,,1672576957,25.0,BLUE,70,iOS,
173,2023-01-01,mobile,Australia,user_engagement,,,,,auto,,HomeViewController,1672536561,24.0,BLUE,69,iOS,
174,2023-01-01,mobile,Australia,screen_view,,,,My Profile,app,,BaseTabBarViewController,1672536561,24.0,BLUE,69,iOS,
175,2023-01-01,mobile,Australia,screen_view,,,,,auto,,MyProfileViewController,1672536561,24.0,BLUE,69,iOS,
176,2023-01-01,mobile,Australia,user_engagement,,,,,auto,,MyProfileViewController,1672536561,24.0,BLUE,69,iOS,
177,2023-01-01,mobile,Australia,screen_view,,,,Home,app,,BaseTabBarViewController,1672536561,24.0,BLUE,69,iOS,
178,2023-01-01,mobile,Australia,screen_view,,,,,auto,,HomeViewController,1672536561,24.0,BLUE,69,iOS,
179,2023-01-01,mobile,Australia,user_engagement,,,,,auto,,HomeViewController,1672536561,24.0,BLUE,69,iOS,
180,2023-01-01,mobile,Australia,screen_view,,,,Splash screen,app,,,1672576957,25.0,BLUE,70,iOS,
181,2023-01-01,mobile,Australia,screen_view,,,,Home,app,,BaseTabBarViewController,1672576957,25.0,BLUE,70,iOS,
182,2023-01-01,mobile,Australia,select_content,Turn your location services on,Turn your location services on,Home,Home,app,inlineMessageShown,BaseTabBarViewController,1672576957,25.0,BLUE,70,iOS,
183,2023-01-01,mobile,Australia,screen_view,,,,,auto,,HomeViewController,1672576957,25.0,BLUE,71,iOS,
184,2023-01-01,mobile,Australia,user_engagement,,,,,auto,,HomeViewController,1672576957,25.0,BLUE,72,iOS,
185,2023-01-01,mobile,Australia,first_open,,,,Splash screen,auto,,,1672533758,,,1,iOS,1.0
186,2023-01-01,mobile,Australia,session_start,,,,,auto,,,1672533758,1.0,,2,iOS,
187,2023-01-01,mobile,Australia,user_engagement,,,,Splash screen,auto,,,1672533758,1.0,,2,iOS,
188,2023-01-01,mobile,Australia,screen_view,,,,Splash screen,app,,,1672533758,1.0,,2,iOS,
189,2023-01-01,mobile,Australia,screen_view,,,,Log in,app,,,1672533758,1.0,,2,iOS,
190,2023-01-01,mobile,Australia,screen_view,,,,,auto,,LoginViewController,1672533758,1.0,,2,iOS,
191,2023-01-01,mobile,Australia,user_engagement,,,,,auto,,LoginViewController,1672533758,1.0,,2,iOS,
192,2023-01-01,mobile,Australia,screen_view,,,,,auto,,SFAuthenticationViewController,1672533758,1.0,,3,iOS,
193,2023-01-01,mobile,Australia,user_engagement,,,,,auto,,SFAuthenticationViewController,1672533758,1.0,,3,iOS,
194,2023-01-01,mobile,Australia,user_engagement,,,,,auto,,SFAuthenticationViewController,1672533758,1.0,,4,iOS,
195,2023-01-01,mobile,Australia,screen_view,,,,,auto,,LoginViewController,1672533758,1.0,,4,iOS,
196,2023-01-01,mobile,Australia,user_engagement,,,,,auto,,LoginViewController,1672533758,1.0,,4,iOS,
197,2023-01-01,mobile,Australia,screen_view,,,,,auto,,SFAuthenticationViewController,1672533758,1.0,,5,iOS,
198,2023-01-01,mobile,Australia,user_engagement,,,,,auto,,SFAuthenticationViewController,1672533758,1.0,,5,iOS,
199,2023-01-01,mobile,Australia,screen_view,,,,,auto,,LoginViewController,1672533758,1.0,,5,iOS,
200,2023-01-01,mobile,Australia,user_engagement,,,,,auto,,LoginViewController,1672533758,1.0,,5,iOS,
201,2023-01-01,mobile,New Zealand,session_start,,,,,auto,,,1672562877,9.0,BLUE,26,iOS,
202,2023-01-01,mobile,New Zealand,screen_view,,,,Splash screen,app,,,1672562877,9.0,BLUE,26,iOS,
203,2023-01-01,mobile,New Zealand,screen_view,,,,Home,app,,BaseTabBarViewController,1672562877,9.0,BLUE,26,iOS,
204,2023-01-01,mobile,New Zealand,screen_view,,,,,auto,,HomeViewController,1672562877,9.0,BLUE,27,iOS,
205,2023-01-01,mobile,New Zealand,screen_view,,,,My Profile,app,,BaseTabBarViewController,1672562877,9.0,BLUE,27,iOS,
206,2023-01-01,mobile,New Zealand,user_engagement,,,,,auto,,HomeViewController,1672562877,9.0,BLUE,27,iOS,
207,2023-01-01,mobile,New Zealand,screen_view,,,,,auto,,MyProfileViewController,1672562877,9.0,BLUE,27,iOS,
208,2023-01-01,mobile,New Zealand,select_content,Location:On,Location:On,My Profile,,app,toggle,MyProfileViewController,1672562877,9.0,BLUE,27,iOS,
209,2023-01-01,mobile,New Zealand,user_engagement,,,,,auto,,MyProfileViewController,1672562877,9.0,BLUE,27,iOS,
210,2023-01-01,mobile,New Zealand,first_open,,,,Splash screen,auto,,,1672543117,,,1,iOS,1.0
211,2023-01-01,mobile,New Zealand,session_start,,,,,auto,,,1672543117,1.0,,2,iOS,
212,2023-01-01,mobile,New Zealand,session_start,,,,,auto,,SFAuthenticationViewController,1672546371,2.0,BLUE,11,iOS,
213,2023-01-01,mobile,New Zealand,user_engagement,,,,Splash screen,auto,,,1672543117,1.0,,2,iOS,
214,2023-01-01,mobile,New Zealand,screen_view,,,,Splash screen,app,,,1672543117,1.0,,2,iOS,
215,2023-01-01,mobile,New Zealand,screen_view,,,,Log in,app,,,1672543117,1.0,,2,iOS,
216,2023-01-01,mobile,New Zealand,screen_view,,,,,auto,,LoginViewController,1672543117,1.0,,2,iOS,
217,2023-01-01,mobile,New Zealand,user_engagement,,,,,auto,,LoginViewController,1672543117,1.0,,2,iOS,
218,2023-01-01,mobile,New Zealand,screen_view,,,,,auto,,SFAuthenticationViewController,1672543117,1.0,,3,iOS,
219,2023-01-01,mobile,New Zealand,user_engagement,,,,,auto,,SFAuthenticationViewController,1672543117,1.0,,3,iOS,
220,2023-01-01,mobile,New Zealand,screen_view,,,,,auto,,LoginViewController,1672543117,1.0,,3,iOS,
221,2023-01-01,mobile,New Zealand,user_engagement,,,,,auto,,LoginViewController,1672543117,1.0,BLUE,4,iOS,
222,2023-01-01,mobile,New Zealand,screen_view,,,,Home,app,,LoginViewController,1672543117,1.0,BLUE,4,iOS,
223,2023-01-01,mobile,New Zealand,screen_view,,,,,auto,,HomeViewController,1672543117,1.0,BLUE,5,iOS,
224,2023-01-01,mobile,New Zealand,user_engagement,,,,,auto,,HomeViewController,1672543117,1.0,BLUE,5,iOS,
225,2023-01-01,mobile,New Zealand,screen_view,,,,My Profile,app,,LoginViewController,1672543117,1.0,BLUE,5,iOS,
226,2023-01-01,mobile,New Zealand,screen_view,,,,,auto,,MyProfileViewController,1672543117,1.0,BLUE,5,iOS,
227,2023-01-01,mobile,New Zealand,select_content,Location:On,Location:On,My Profile,,app,toggle,MyProfileViewController,1672543117,1.0,BLUE,5,iOS,
228,2023-01-01,mobile,New Zealand,select_content,Skywards Everyday Statement,Skywards Everyday Statement,My Profile,,app,link,MyProfileViewController,1672543117,1.0,BLUE,5,iOS,
229,2023-01-01,mobile,New Zealand,user_engagement,,,,,auto,,MyProfileViewController,1672543117,1.0,BLUE,5,iOS,
230,2023-01-01,mobile,New Zealand,screen_view,,,,,auto,,StatementsViewController,1672543117,1.0,BLUE,5,iOS,
231,2023-01-01,mobile,New Zealand,screen_view,,,,Skywards Everyday Statement:No transactions yet,app,,LoginViewController,1672543117,1.0,BLUE,5,iOS,
232,2023-01-01,mobile,New Zealand,user_engagement,,,,Skywards Everyday Statement:No transactions yet,auto,,LoginViewController,1672543117,1.0,BLUE,5,iOS,
233,2023-01-01,mobile,New Zealand,screen_view,,,,My Profile,app,,LoginViewController,1672543117,1.0,BLUE,5,iOS,
234,2023-01-01,mobile,New Zealand,screen_view,,,,,auto,,MyProfileViewController,1672543117,1.0,BLUE,5,iOS,
235,2023-01-01,mobile,New Zealand,select_content,Skywards Everyday Statement,Skywards Everyday Statement,My Profile,,app,link,MyProfileViewController,1672543117,1.0,BLUE,5,iOS,
236,2023-01-01,mobile,New Zealand,screen_view,,,,Skywards Everyday Statement:No transactions yet,app,,LoginViewController,1672543117,1.0,BLUE,5,iOS,
237,2023-01-01,mobile,New Zealand,user_engagement,,,,,auto,,MyProfileViewController,1672543117,1.0,BLUE,5,iOS,
238,2023-01-01,mobile,New Zealand,screen_view,,,,,auto,,StatementsViewController,1672543117,1.0,BLUE,5,iOS,
239,2023-01-01,mobile,New Zealand,user_engagement,,,,,auto,,StatementsViewController,1672543117,1.0,BLUE,5,iOS,
240,2023-01-01,mobile,New Zealand,screen_view,,,,My Profile,app,,LoginViewController,1672543117,1.0,BLUE,5,iOS,
241,2023-01-01,mobile,New Zealand,screen_view,,,,,auto,,MyProfileViewController,1672543117,1.0,BLUE,5,iOS,
242,2023-01-01,mobile,New Zealand,select_content,Useful Information:Contact Us,Useful Information:Contact Us,My Profile,,app,link,MyProfileViewController,1672543117,1.0,BLUE,5,iOS,
243,2023-01-01,mobile,New Zealand,user_engagement,,,,,auto,,MyProfileViewController,1672543117,1.0,BLUE,5,iOS,
244,2023-01-01,mobile,New Zealand,screen_view,,,,Contact Us,app,,LoginViewController,1672543117,1.0,BLUE,5,iOS,
245,2023-01-01,mobile,New Zealand,user_engagement,,,,Contact Us,auto,,LoginViewController,1672543117,1.0,BLUE,5,iOS,
246,2023-01-01,mobile,New Zealand,user_engagement,,,,Contact Us,auto,,LoginViewController,1672543117,1.0,BLUE,6,iOS,
247,2023-01-01,mobile,New Zealand,screen_view,,,,Categories,app,,LoginViewController,1672543117,1.0,BLUE,6,iOS,
248,2023-01-01,mobile,New Zealand,screen_view,,,,,auto,,CategoriesViewController,1672543117,1.0,BLUE,6,iOS,
249,2023-01-01,mobile,New Zealand,screen_view,,,,,auto,,PopupViewcontroller,1672543117,1.0,BLUE,6,iOS,
250,2023-01-01,mobile,New Zealand,user_engagement,,,,,auto,,PopupViewcontroller,1672543117,1.0,BLUE,6,iOS,
251,2023-01-01,mobile,New Zealand,screen_view,,,,,auto,,CategoriesViewController,1672543117,1.0,BLUE,6,iOS,
252,2023-01-01,mobile,New Zealand,screen_view,,,,,auto,,UIAlertController,1672543117,1.0,BLUE,6,iOS,
253,2023-01-01,mobile,New Zealand,user_engagement,,,,,auto,,UIAlertController,1672543117,1.0,BLUE,6,iOS,
254,2023-01-01,mobile,New Zealand,screen_view,,,,,auto,,CategoriesViewController,1672543117,1.0,BLUE,6,iOS,
255,2023-01-01,mobile,New Zealand,select_content,Search,Search,Categories,,app,topnavigation_icon,CategoriesViewController,1672543117,1.0,BLUE,6,iOS,
256,2023-01-01,mobile,New Zealand,user_engagement,,,,,auto,,CategoriesViewController,1672543117,1.0,BLUE,6,iOS,
257,2023-01-01,mobile,New Zealand,screen_view,,,,Search sponsor,app,,LoginViewController,1672543117,1.0,BLUE,6,iOS,
258,2023-01-01,mobile,New Zealand,screen_view,,,,,auto,,SponsorSearchViewController,1672543117,1.0,BLUE,6,iOS,
259,2023-01-01,mobile,New Zealand,user_engagement,,,,,auto,,SponsorSearchViewController,1672543117,1.0,BLUE,6,iOS,
260,2023-01-01,mobile,New Zealand,screen_view,,,,Categories,app,,LoginViewController,1672543117,1.0,BLUE,6,iOS,
261,2023-01-01,mobile,New Zealand,screen_view,,,,,auto,,CategoriesViewController,1672543117,1.0,BLUE,6,iOS,
262,2023-01-01,mobile,New Zealand,user_engagement,,,,,auto,,CategoriesViewController,1672543117,1.0,BLUE,6,iOS,
263,2023-01-01,mobile,New Zealand,screen_view,,,,Home,app,,LoginViewController,1672543117,1.0,BLUE,6,iOS,
264,2023-01-01,mobile,New Zealand,screen_view,,,,,auto,,HomeViewController,1672543117,1.0,BLUE,6,iOS,
265,2023-01-01,mobile,New Zealand,select_content,Map,Map,Home,,app,topnavigation_icon,HomeViewController,1672543117,1.0,BLUE,6,iOS,
266,2023-01-01,mobile,New Zealand,user_engagement,,,,,auto,,HomeViewController,1672543117,1.0,BLUE,6,iOS,
267,2023-01-01,mobile,New Zealand,screen_view,,,,,auto,,StoreLocatorMapViewController,1672543117,1.0,BLUE,6,iOS,
268,2023-01-01,mobile,New Zealand,user_engagement,,,,,auto,,StoreLocatorMapViewController,1672543117,1.0,BLUE,6,iOS,
269,2023-01-01,mobile,New Zealand,screen_view,,,,Home,app,,LoginViewController,1672543117,1.0,BLUE,6,iOS,
270,2023-01-01,mobile,New Zealand,screen_view,,,,,auto,,HomeViewController,1672543117,1.0,BLUE,6,iOS,
271,2023-01-01,mobile,New Zealand,user_engagement,,,,,auto,,HomeViewController,1672543117,1.0,BLUE,6,iOS,
272,2023-01-01,mobile,New Zealand,screen_view,,,,Categories,app,,LoginViewController,1672543117,1.0,BLUE,6,iOS,
273,2023-01-01,mobile,New Zealand,screen_view,,,,,auto,,CategoriesViewController,1672543117,1.0,BLUE,6,iOS,
274,2023-01-01,mobile,New Zealand,user_engagement,,,,,auto,,CategoriesViewController,1672543117,1.0,BLUE,6,iOS,
275,2023-01-01,mobile,New Zealand,screen_view,,,,My Profile,app,,LoginViewController,1672543117,1.0,BLUE,6,iOS,
276,2023-01-01,mobile,New Zealand,screen_view,,,,,auto,,MyProfileViewController,1672543117,1.0,BLUE,6,iOS,
277,2023-01-01,mobile,New Zealand,select_content,Useful Information:Contact Us,Useful Information:Contact Us,My Profile,,app,link,MyProfileViewController,1672543117,1.0,BLUE,6,iOS,
278,2023-01-01,mobile,New Zealand,user_engagement,,,,,auto,,MyProfileViewController,1672543117,1.0,BLUE,6,iOS,
279,2023-01-01,mobile,New Zealand,screen_view,,,,Contact Us,app,,LoginViewController,1672543117,1.0,BLUE,6,iOS,
280,2023-01-01,mobile,New Zealand,user_engagement,,,,Contact Us,auto,,LoginViewController,1672543117,1.0,BLUE,6,iOS,
281,2023-01-01,mobile,New Zealand,screen_view,,,,,auto,,SFAuthenticationViewController,1672543117,1.0,BLUE,7,iOS,
282,2023-01-01,mobile,New Zealand,user_engagement,,,,,auto,,SFAuthenticationViewController,1672543117,1.0,BLUE,7,iOS,
283,2023-01-01,mobile,New Zealand,user_engagement,,,,,auto,,SFAuthenticationViewController,1672543117,1.0,BLUE,8,iOS,
284,2023-01-01,mobile,New Zealand,user_engagement,,,,,auto,,SFAuthenticationViewController,1672543117,1.0,BLUE,9,iOS,
285,2023-01-01,mobile,New Zealand,user_engagement,,,,,auto,,SFAuthenticationViewController,1672543117,1.0,BLUE,10,iOS,
286,2023-01-01,mobile,New Zealand,user_engagement,,,,,auto,,SFAuthenticationViewController,1672546371,2.0,BLUE,11,iOS,
287,2023-01-01,mobile,New Zealand,screen_view,,,,,auto,,MyProfileViewController,1672546371,2.0,BLUE,11,iOS,
288,2023-01-01,mobile,New Zealand,select_content,Skywards Everyday Statement,Skywards Everyday Statement,My Profile,,app,link,MyProfileViewController,1672546371,2.0,BLUE,11,iOS,
289,2023-01-01,mobile,New Zealand,user_engagement,,,,,auto,,MyProfileViewController,1672546371,2.0,BLUE,11,iOS,
290,2023-01-01,mobile,New Zealand,screen_view,,,,,auto,,StatementsViewController,1672546371,2.0,BLUE,11,iOS,
291,2023-01-01,mobile,New Zealand,screen_view,,,,Skywards Everyday Statement:No transactions yet,app,,LoginViewController,1672546371,2.0,BLUE,11,iOS,
292,2023-01-01,mobile,New Zealand,screen_view,,,,My Profile,app,,LoginViewController,1672546371,2.0,BLUE,11,iOS,
293,2023-01-01,mobile,New Zealand,user_engagement,,,,Skywards Everyday Statement:No transactions yet,auto,,LoginViewController,1672546371,2.0,BLUE,11,iOS,
294,2023-01-01,mobile,New Zealand,screen_view,,,,,auto,,MyProfileViewController,1672546371,2.0,BLUE,11,iOS,
295,2023-01-01,mobile,New Zealand,user_engagement,,,,,auto,,MyProfileViewController,1672546371,2.0,BLUE,11,iOS,
296,2023-01-01,mobile,New Zealand,user_engagement,,,,,auto,,MyProfileViewController,1672546371,2.0,BLUE,12,iOS,
297,2023-01-01,mobile,Australia,session_start,,,,,auto,,,1672528564,3.0,SILVER,9,iOS,
298,2023-01-01,mobile,Australia,screen_view,,,,Splash screen,app,,,1672528564,3.0,SILVER,9,iOS,
299,2023-01-01,mobile,Australia,screen_view,,,,Log in,app,,,1672528564,3.0,SILVER,9,iOS,
300,2023-01-01,mobile,Australia,screen_view,,,,,auto,,LoginViewController,1672528564,3.0,SILVER,9,iOS,
301,2023-01-01,mobile,Australia,user_engagement,,,,,auto,,LoginViewController,1672528564,3.0,SILVER,9,iOS,
302,2023-01-01,mobile,Australia,user_engagement,,,,,auto,,LoginViewController,1672528564,3.0,SILVER,10,iOS,
303,2023-01-01,mobile,Australia,screen_view,,,,,auto,,SFAuthenticationViewController,1672528564,3.0,SILVER,11,iOS,
304,2023-01-01,mobile,Australia,user_engagement,,,,,auto,,SFAuthenticationViewController,1672528564,3.0,SILVER,11,iOS,
305,2023-01-01,mobile,New Zealand,first_open,,,,Splash screen,auto,,,1672541597,,,1,iOS,1.0
306,2023-01-01,mobile,New Zealand,session_start,,,,,auto,,,1672541597,1.0,,2,iOS,
307,2023-01-01,mobile,New Zealand,user_engagement,,,,Splash screen,auto,,,1672541597,1.0,,2,iOS,
308,2023-01-01,mobile,New Zealand,screen_view,,,,Splash screen,app,,,1672541597,1.0,,2,iOS,
309,2023-01-01,mobile,New Zealand,screen_view,,,,Log in,app,,,1672541597,1.0,,2,iOS,
310,2023-01-01,mobile,New Zealand,screen_view,,,,,auto,,LoginViewController,1672541597,1.0,,2,iOS,
311,2023-01-01,mobile,New Zealand,user_engagement,,,,,auto,,LoginViewController,1672541597,1.0,,2,iOS,
312,2023-01-01,mobile,New Zealand,user_engagement,,,,,auto,,LoginViewController,1672541597,1.0,,3,iOS,
313,2023-01-01,mobile,New Zealand,screen_view,,,,,auto,,SFAuthenticationViewController,1672541597,1.0,,4,iOS,
314,2023-01-01,mobile,New Zealand,user_engagement,,,,,auto,,SFAuthenticationViewController,1672541597,1.0,,4,iOS,
315,2023-01-01,mobile,Australia,session_start,,,,,auto,,,1672546505,7.0,BLUE,23,iOS,
316,2023-01-01,mobile,Australia,screen_view,,,,Splash screen,app,,,1672546505,7.0,BLUE,23,iOS,
317,2023-01-01,mobile,Australia,screen_view,,,,Home,app,,BaseTabBarViewController,1672546505,7.0,BLUE,23,iOS,
318,2023-01-01,mobile,Australia,screen_view,,,,,auto,,HomeViewController,1672546505,7.0,BLUE,24,iOS,
319,2023-01-01,mobile,Australia,user_engagement,,,,,auto,,HomeViewController,1672546505,7.0,BLUE,24,iOS,
320,2023-01-01,mobile,Australia,session_start,,,,,auto,,,1672528063,2.0,,5,iOS,
321,2023-01-01,mobile,Australia,screen_view,,,,Splash screen,app,,,1672528063,2.0,,5,iOS,
322,2023-01-01,mobile,Australia,screen_view,,,,Log in,app,,,1672528063,2.0,,5,iOS,
323,2023-01-01,mobile,Australia,screen_view,,,,,auto,,LoginViewController,1672528063,2.0,,5,iOS,
324,2023-01-01,mobile,Australia,user_engagement,,,,,auto,,LoginViewController,1672528063,2.0,,5,iOS,
325,2023-01-01,mobile,Australia,screen_view,,,,,auto,,SFAuthenticationViewController,1672528063,2.0,,6,iOS,
326,2023-01-01,mobile,Australia,user_engagement,,,,,auto,,SFAuthenticationViewController,1672528063,2.0,,6,iOS,
327,2023-01-01,mobile,Australia,screen_view,,,,,auto,,LoginViewController,1672528063,2.0,,6,iOS,
328,2023-01-01,mobile,Australia,user_engagement,,,,,auto,,LoginViewController,1672528063,2.0,BLUE,7,iOS,
329,2023-01-01,mobile,Australia,screen_view,,,,Home,app,,LoginViewController,1672528063,2.0,BLUE,7,iOS,
330,2023-01-01,mobile,Australia,screen_view,,,,,auto,,HomeViewController,1672528063,2.0,BLUE,8,iOS,
331,2023-01-01,mobile,Australia,user_engagement,,,,,auto,,HomeViewController,1672528063,2.0,BLUE,8,iOS,
332,2023-01-01,mobile,Australia,screen_view,,,,Categories,app,,LoginViewController,1672528063,2.0,BLUE,8,iOS,
333,2023-01-01,mobile,Australia,screen_view,,,,,auto,,CategoriesViewController,1672528063,2.0,BLUE,8,iOS,
334,2023-01-01,mobile,Australia,screen_view,,,,,auto,,PopupViewcontroller,1672528063,2.0,BLUE,8,iOS,
335,2023-01-01,mobile,Australia,user_engagement,,,,,auto,,PopupViewcontroller,1672528063,2.0,BLUE,8,iOS,
336,2023-01-01,mobile,Australia,screen_view,,,,,auto,,CategoriesViewController,1672528063,2.0,BLUE,8,iOS,
337,2023-01-01,mobile,Australia,screen_view,,,,,auto,,PopupViewcontroller,1672528063,2.0,BLUE,8,iOS,
338,2023-01-01,mobile,Australia,user_engagement,,,,,auto,,PopupViewcontroller,1672528063,2.0,BLUE,8,iOS,
339,2023-01-01,mobile,Australia,screen_view,,,,,auto,,CategoriesViewController,1672528063,2.0,BLUE,8,iOS,
340,2023-01-01,mobile,Australia,user_engagement,,,,,auto,,CategoriesViewController,1672528063,2.0,BLUE,8,iOS,
341,2023-01-01,mobile,Australia,screen_view,,,,My Profile,app,,LoginViewController,1672528063,2.0,BLUE,8,iOS,
342,2023-01-01,mobile,Australia,screen_view,,,,,auto,,MyProfileViewController,1672528063,2.0,BLUE,8,iOS,
343,2023-01-01,mobile,Australia,select_content,Location:On,Location:On,My Profile,,app,toggle,MyProfileViewController,1672528063,2.0,BLUE,8,iOS,
344,2023-01-01,mobile,Australia,user_engagement,,,,,auto,,MyProfileViewController,1672528063,2.0,BLUE,8,iOS,
345,2023-01-01,mobile,Australia,screen_view,,,,Home,app,,LoginViewController,1672528063,2.0,BLUE,8,iOS,
346,2023-01-01,mobile,Australia,screen_view,,,,,auto,,HomeViewController,1672528063,2.0,BLUE,8,iOS,
347,2023-01-01,mobile,Australia,user_engagement,,,,,auto,,HomeViewController,1672528063,2.0,BLUE,8,iOS,
348,2023-01-01,mobile,Australia,screen_view,,,,Categories,app,,LoginViewController,1672528063,2.0,BLUE,8,iOS,
349,2023-01-01,mobile,Australia,screen_view,,,,,auto,,CategoriesViewController,1672528063,2.0,BLUE,8,iOS,
350,2023-01-01,mobile,Australia,user_engagement,,,,,auto,,CategoriesViewController,1672528063,2.0,BLUE,8,iOS,
351,2023-01-01,mobile,Australia,screen_view,,,,My Profile,app,,LoginViewController,1672528063,2.0,BLUE,8,iOS,
352,2023-01-01,mobile,Australia,screen_view,,,,,auto,,MyProfileViewController,1672528063,2.0,BLUE,8,iOS,
353,2023-01-01,mobile,Australia,user_engagement,,,,,auto,,MyProfileViewController,1672528063,2.0,BLUE,8,iOS,
354,2023-01-01,mobile,Australia,first_open,,,,Splash screen,auto,,,1672569938,,,1,iOS,1.0
355,2023-01-01,mobile,Australia,session_start,,,,,auto,,,1672569938,1.0,,2,iOS,
356,2023-01-01,mobile,Australia,user_engagement,,,,Splash screen,auto,,,1672569938,1.0,,2,iOS,
357,2023-01-01,mobile,Australia,screen_view,,,,Splash screen,app,,,1672569938,1.0,,2,iOS,
358,2023-01-01,mobile,Australia,screen_view,,,,Log in,app,,,1672569938,1.0,,2,iOS,
359,2023-01-01,mobile,Australia,screen_view,,,,,auto,,LoginViewController,1672569938,1.0,,2,iOS,
360,2023-01-01,mobile,Australia,user_engagement,,,,,auto,,LoginViewController,1672569938,1.0,,2,iOS,
361,2023-01-01,mobile,Australia,user_engagement,,,,,auto,,LoginViewController,1672569938,1.0,,3,iOS,
362,2023-01-01,mobile,Australia,screen_view,,,,,auto,,SFAuthenticationViewController,1672569938,1.0,,4,iOS,
363,2023-01-01,mobile,Australia,user_engagement,,,,,auto,,SFAuthenticationViewController,1672569938,1.0,,4,iOS,
364,2023-01-01,mobile,Australia,screen_view,,,,,auto,,LoginViewController,1672569938,1.0,,4,iOS,
365,2023-01-01,mobile,Australia,user_engagement,,,,,auto,,LoginViewController,1672569938,1.0,BLUE,5,iOS,
366,2023-01-01,mobile,Australia,screen_view,,,,Home,app,,LoginViewController,1672569938,1.0,BLUE,5,iOS,
367,2023-01-01,mobile,Australia,screen_view,,,,,auto,,HomeViewController,1672569938,1.0,BLUE,6,iOS,
368,2023-01-01,mobile,Australia,screen_view,,,,Categories,app,,LoginViewController,1672569938,1.0,BLUE,6,iOS,
369,2023-01-01,mobile,Australia,user_engagement,,,,,auto,,HomeViewController,1672569938,1.0,BLUE,6,iOS,
370,2023-01-01,mobile,Australia,screen_view,,,,,auto,,CategoriesViewController,1672569938,1.0,BLUE,6,iOS,
371,2023-01-01,mobile,Australia,screen_view,,,,,auto,,PopupViewcontroller,1672569938,1.0,BLUE,6,iOS,
372,2023-01-01,mobile,Australia,user_engagement,,,,,auto,,PopupViewcontroller,1672569938,1.0,BLUE,6,iOS,
373,2023-01-01,mobile,Australia,screen_view,,,,,auto,,CategoriesViewController,1672569938,1.0,BLUE,6,iOS,
374,2023-01-01,mobile,Australia,user_engagement,,,,,auto,,CategoriesViewController,1672569938,1.0,BLUE,6,iOS,
375,2023-01-01,mobile,Australia,screen_view,,,,,auto,,PopupViewcontroller,1672569938,1.0,BLUE,6,iOS,
376,2023-01-01,mobile,Australia,user_engagement,,,,,auto,,PopupViewcontroller,1672569938,1.0,BLUE,6,iOS,
377,2023-01-01,mobile,Australia,screen_view,,,,,auto,,CategoriesViewController,1672569938,1.0,BLUE,6,iOS,
378,2023-01-01,mobile,Australia,select_content,Categories:Special Offers,Categories:Special Offers,Categories,,app,card,CategoriesViewController,1672569938,1.0,BLUE,6,iOS,
379,2023-01-01,mobile,Australia,user_engagement,,,,,auto,,CategoriesViewController,1672569938,1.0,BLUE,6,iOS,
380,2023-01-01,mobile,Australia,screen_view,,,,,auto,,SpecialOffersViewController,1672569938,1.0,BLUE,6,iOS,
381,2023-01-01,mobile,Australia,select_content,Date menu bar:Today+1,Date menu bar:Today+1,Special Offers,,app,Tab,SpecialOffersViewController,1672569938,1.0,BLUE,6,iOS,
382,2023-01-01,mobile,Australia,select_content,Date menu bar:Today+2,Date menu bar:Today+2,Special Offers,,app,Tab,SpecialOffersViewController,1672569938,1.0,BLUE,6,iOS,
383,2023-01-01,mobile,Australia,select_content,Date menu bar:Today+3,Date menu bar:Today+3,Special Offers,,app,Tab,SpecialOffersViewController,1672569938,1.0,BLUE,6,iOS,
384,2023-01-01,mobile,Australia,user_engagement,,,,,auto,,SpecialOffersViewController,1672569938,1.0,BLUE,6,iOS,
385,2023-01-01,mobile,Australia,screen_view,,,,Categories,app,,LoginViewController,1672569938,1.0,BLUE,6,iOS,
386,2023-01-01,mobile,Australia,screen_view,,,,,auto,,CategoriesViewController,1672569938,1.0,BLUE,6,iOS,
387,2023-01-01,mobile,Australia,select_content,Categories:Casual Dining,Categories:Casual Dining,Categories,,app,card,CategoriesViewController,1672569938,1.0,BLUE,6,iOS,
388,2023-01-01,mobile,Australia,screen_view,,,,Category/Casual dining,app,,LoginViewController,1672569938,1.0,BLUE,6,iOS,
389,2023-01-01,mobile,Australia,user_engagement,,,,,auto,,CategoriesViewController,1672569938,1.0,BLUE,6,iOS,
390,2023-01-01,mobile,Australia,user_engagement,,,,Category/Casual dining,auto,,LoginViewController,1672569938,1.0,BLUE,6,iOS,
391,2023-01-01,mobile,Australia,screen_view,,,,,auto,,SpecificPartnerViewController,1672569938,1.0,BLUE,6,iOS,
392,2023-01-01,mobile,Australia,user_engagement,,,,,auto,,SpecificPartnerViewController,1672569938,1.0,BLUE,6,iOS,
393,2023-01-01,mobile,Australia,screen_view,,,,Categories,app,,LoginViewController,1672569938,1.0,BLUE,6,iOS,
394,2023-01-01,mobile,Australia,screen_view,,,,,auto,,CategoriesViewController,1672569938,1.0,BLUE,6,iOS,
395,2023-01-01,mobile,Australia,select_content,Categories:High Street Shopping,Categories:High Street Shopping,Categories,,app,card,CategoriesViewController,1672569938,1.0,BLUE,6,iOS,
396,2023-01-01,mobile,Australia,user_engagement,,,,,auto,,CategoriesViewController,1672569938,1.0,BLUE,6,iOS,
397,2023-01-01,mobile,Australia,screen_view,,,,Category/High street shopping,app,,LoginViewController,1672569938,1.0,BLUE,6,iOS,
398,2023-01-01,mobile,Australia,screen_view,,,,,auto,,SpecificPartnerViewController,1672569938,1.0,BLUE,6,iOS,
399,2023-01-01,mobile,Australia,select_content,Merchant name,Merchant name,,,app,card,SpecificPartnerViewController,1672569938,1.0,BLUE,6,iOS,
400,2023-01-01,mobile,Australia,user_engagement,,,,,auto,,SpecificPartnerViewController,1672569938,1.0,BLUE,6,iOS,
401,2023-01-01,mobile,Australia,screen_view,,,,/Merchants/High street shopping/Vincci,app,,LoginViewController,1672569938,1.0,BLUE,6,iOS,
402,2023-01-01,mobile,Australia,screen_view,,,,,auto,,SponsorDetailViewController,1672569938,1.0,BLUE,6,iOS,
403,2023-01-01,mobile,Australia,screen_view,,,,Category/High street shopping,app,,LoginViewController,1672569938,1.0,BLUE,6,iOS,
404,2023-01-01,mobile,Australia,user_engagement,,,,,auto,,SponsorDetailViewController,1672569938,1.0,BLUE,6,iOS,
405,2023-01-01,mobile,Australia,screen_view,,,,,auto,,SpecificPartnerViewController,1672569938,1.0,BLUE,6,iOS,
406,2023-01-01,mobile,Australia,user_engagement,,,,,auto,,SpecificPartnerViewController,1672569938,1.0,BLUE,6,iOS,
407,2023-01-01,mobile,Australia,screen_view,,,,Categories,app,,LoginViewController,1672569938,1.0,BLUE,6,iOS,
408,2023-01-01,mobile,Australia,screen_view,,,,,auto,,CategoriesViewController,1672569938,1.0,BLUE,6,iOS,
409,2023-01-01,mobile,Australia,user_engagement,,,,,auto,,CategoriesViewController,1672569938,1.0,BLUE,6,iOS,
410,2023-01-01,mobile,Australia,screen_view,,,,My Profile,app,,LoginViewController,1672569938,1.0,BLUE,6,iOS,
411,2023-01-01,mobile,Australia,screen_view,,,,,auto,,MyProfileViewController,1672569938,1.0,BLUE,6,iOS,
412,2023-01-01,mobile,Australia,select_content,Location:On,Location:On,My Profile,,app,toggle,MyProfileViewController,1672569938,1.0,BLUE,6,iOS,
413,2023-01-01,mobile,Australia,user_engagement,,,,,auto,,MyProfileViewController,1672569938,1.0,BLUE,6,iOS,
414,2023-01-01,mobile,Australia,session_start,,,,,auto,,,1672581256,2.0,BLUE,9,iOS,
415,2023-01-01,mobile,Australia,screen_view,,,,Splash screen,app,,,1672581256,2.0,BLUE,9,iOS,
416,2023-01-01,mobile,Australia,screen_view,,,,Home,app,,BaseTabBarViewController,1672581256,2.0,BLUE,9,iOS,
417,2023-01-01,mobile,Australia,screen_view,,,,,auto,,HomeViewController,1672581256,2.0,BLUE,10,iOS,
418,2023-01-01,mobile,Australia,screen_view,,,,My Profile,app,,BaseTabBarViewController,1672581256,2.0,BLUE,11,iOS,
419,2023-01-01,mobile,Australia,user_engagement,,,,,auto,,HomeViewController,1672581256,2.0,BLUE,11,iOS,
420,2023-01-01,mobile,Australia,screen_view,,,,,auto,,MyProfileViewController,1672581256,2.0,BLUE,11,iOS,
421,2023-01-01,mobile,Australia,select_content,Location:On,Location:On,My Profile,,app,toggle,MyProfileViewController,1672581256,2.0,BLUE,11,iOS,
422,2023-01-01,mobile,Australia,screen_view,,,,Categories,app,,BaseTabBarViewController,1672581256,2.0,BLUE,11,iOS,
423,2023-01-01,mobile,Australia,user_engagement,,,,,auto,,MyProfileViewController,1672581256,2.0,BLUE,11,iOS,
424,2023-01-01,mobile,Australia,screen_view,,,,,auto,,CategoriesViewController,1672581256,2.0,BLUE,11,iOS,
425,2023-01-01,mobile,Australia,screen_view,,,,Home,app,,BaseTabBarViewController,1672581256,2.0,BLUE,11,iOS,
426,2023-01-01,mobile,Australia,user_engagement,,,,,auto,,CategoriesViewController,1672581256,2.0,BLUE,11,iOS,
427,2023-01-01,mobile,Australia,screen_view,,,,,auto,,HomeViewController,1672581256,2.0,BLUE,11,iOS,
428,2023-01-01,mobile,Australia,user_engagement,,,,,auto,,HomeViewController,1672581256,2.0,BLUE,11,iOS,
429,2023-01-01,mobile,New Zealand,session_start,,,,,auto,,,1672565754,9.0,,8,iOS,
430,2023-01-01,mobile,New Zealand,screen_view,,,,Splash screen,app,,,1672565754,9.0,,8,iOS,
431,2023-01-01,mobile,New Zealand,os_update,,,,Splash screen,auto,,,1672565754,9.0,,8,iOS,
432,2023-01-01,mobile,New Zealand,screen_view,,,,Home,app,,BaseTabBarViewController,1672565754,9.0,,8,iOS,
433,2023-01-01,mobile,New Zealand,screen_view,,,,,auto,,HomeViewController,1672565754,9.0,,9,iOS,
434,2023-01-01,mobile,New Zealand,user_engagement,,,,,auto,,HomeViewController,1672565754,9.0,,9,iOS,
435,2023-01-01,mobile,Australia,session_start,,,,,auto,,CategoriesViewController,1672529041,3.0,BLUE,11,iOS,
436,2023-01-01,mobile,Australia,user_engagement,,,,,auto,,CategoriesViewController,1672529041,3.0,BLUE,11,iOS,
437,2023-01-01,mobile,Australia,screen_view,,,,Home,app,,BaseTabBarViewController,1672529041,3.0,BLUE,11,iOS,
438,2023-01-01,mobile,Australia,screen_view,,,,,auto,,HomeViewController,1672529041,3.0,BLUE,11,iOS,
439,2023-01-01,mobile,Australia,screen_view,,,,Categories,app,,BaseTabBarViewController,1672529041,3.0,BLUE,11,iOS,
440,2023-01-01,mobile,Australia,screen_view,,,,,auto,,CategoriesViewController,1672529041,3.0,BLUE,11,iOS,
441,2023-01-01,mobile,Australia,user_engagement,,,,,auto,,CategoriesViewController,1672529041,3.0,BLUE,11,iOS,
442,2023-01-01,mobile,Australia,session_start,,,,,auto,,,1672567200,17.0,BLUE,53,iOS,
443,2023-01-01,mobile,Australia,screen_view,,,,Splash screen,app,,,1672567200,17.0,BLUE,53,iOS,
444,2023-01-01,mobile,Australia,os_update,,,,Splash screen,auto,,,1672567200,17.0,BLUE,53,iOS,
445,2023-01-01,mobile,Australia,screen_view,,,,Home,app,,BaseTabBarViewController,1672567200,17.0,BLUE,53,iOS,
446,2023-01-01,mobile,Australia,screen_view,,,,,auto,,HomeViewController,1672567200,17.0,BLUE,54,iOS,
447,2023-01-01,mobile,Australia,user_engagement,,,,,auto,,HomeViewController,1672567200,17.0,BLUE,55,iOS,
448,2023-01-01,mobile,Australia,user_engagement,,,,,auto,,HomeViewController,1672567200,17.0,BLUE,56,iOS,
449,2023-01-01,mobile,Australia,session_start,,,,,auto,,,1672524116,4.0,BLUE,21,iOS,
450,2023-01-01,mobile,Australia,screen_view,,,,Splash screen,app,,,1672524116,4.0,BLUE,21,iOS,
451,2023-01-01,mobile,Australia,os_update,,,,Splash screen,auto,,,1672524116,4.0,BLUE,21,iOS,
452,2023-01-01,mobile,Australia,screen_view,,,,Home,app,,BaseTabBarViewController,1672524116,4.0,BLUE,21,iOS,
453,2023-01-01,mobile,Australia,select_content,Turn your location services on,Turn your location services on,Home,Home,app,inlineMessageShown,BaseTabBarViewController,1672524116,4.0,BLUE,21,iOS,
454,2023-01-01,mobile,Australia,screen_view,,,,,auto,,HomeViewController,1672524116,4.0,BLUE,22,iOS,
455,2023-01-01,mobile,Australia,user_engagement,,,,,auto,,HomeViewController,1672524116,4.0,BLUE,22,iOS,
456,2023-01-01,mobile,Australia,select_content,Turn your location services on,Turn your location services on,Home,,app,inlineMessageShown,,1672524116,4.0,BLUE,23,iOS,
457,2023-01-01,mobile,Australia,user_engagement,,,,,auto,,HomeViewController,1672524116,4.0,BLUE,24,iOS,
458,2023-01-01,mobile,New Zealand,session_start,,,,,auto,,,1672570662,7.0,SILVER,27,iOS,
459,2023-01-01,mobile,New Zealand,screen_view,,,,Splash screen,app,,,1672570662,7.0,SILVER,27,iOS,
460,2023-01-01,mobile,New Zealand,screen_view,,,,Home,app,,BaseTabBarViewController,1672570662,7.0,SILVER,27,iOS,
461,2023-01-01,mobile,New Zealand,screen_view,,,,,auto,,HomeViewController,1672570662,7.0,SILVER,28,iOS,
462,2023-01-01,mobile,New Zealand,user_engagement,,,,,auto,,HomeViewController,1672570662,7.0,SILVER,28,iOS,
463,2023-01-01,mobile,Australia,session_start,,,,,auto,,,1672525171,2.0,GOLD,8,iOS,
464,2023-01-01,mobile,Australia,screen_view,,,,Splash screen,app,,,1672525171,2.0,GOLD,8,iOS,
465,2023-01-01,mobile,Australia,os_update,,,,Splash screen,auto,,,1672525171,2.0,GOLD,8,iOS,
466,2023-01-01,mobile,Australia,screen_view,,,,Home,app,,BaseTabBarViewController,1672525171,2.0,GOLD,8,iOS,
467,2023-01-01,mobile,Australia,screen_view,,,,,auto,,HomeViewController,1672525171,2.0,GOLD,9,iOS,
468,2023-01-01,mobile,Australia,user_engagement,,,,,auto,,HomeViewController,1672525171,2.0,GOLD,9,iOS,
469,2023-01-01,mobile,Australia,screen_view,,,,Categories,app,,BaseTabBarViewController,1672525171,2.0,GOLD,9,iOS,
470,2023-01-01,mobile,Australia,screen_view,,,,,auto,,CategoriesViewController,1672525171,2.0,GOLD,9,iOS,
471,2023-01-01,mobile,Australia,user_engagement,,,,,auto,,CategoriesViewController,1672525171,2.0,GOLD,9,iOS,
472,2023-01-01,mobile,Australia,screen_view,,,,Home,app,,BaseTabBarViewController,1672525171,2.0,GOLD,9,iOS,
473,2023-01-01,mobile,Australia,screen_view,,,,,auto,,HomeViewController,1672525171,2.0,GOLD,9,iOS,
474,2023-01-01,mobile,Australia,user_engagement,,,,,auto,,HomeViewController,1672525171,2.0,GOLD,9,iOS,
475,2023-01-01,mobile,Australia,screen_view,,,,My Profile,app,,BaseTabBarViewController,1672525171,2.0,GOLD,9,iOS,
476,2023-01-01,mobile,Australia,screen_view,,,,,auto,,MyProfileViewController,1672525171,2.0,GOLD,9,iOS,
477,2023-01-01,mobile,Australia,select_content,Location:On,Location:On,My Profile,,app,toggle,MyProfileViewController,1672525171,2.0,GOLD,9,iOS,
478,2023-01-01,mobile,Australia,user_engagement,,,,,auto,,MyProfileViewController,1672525171,2.0,GOLD,9,iOS,
479,2023-01-01,mobile,Australia,screen_view,,,,Home,app,,BaseTabBarViewController,1672525171,2.0,GOLD,9,iOS,
480,2023-01-01,mobile,Australia,screen_view,,,,,auto,,HomeViewController,1672525171,2.0,GOLD,9,iOS,
481,2023-01-01,mobile,Australia,user_engagement,,,,,auto,,HomeViewController,1672525171,2.0,GOLD,10,iOS,
482,2023-01-01,mobile,Australia,screen_view,,,,My Profile,app,,BaseTabBarViewController,1672525171,2.0,GOLD,10,iOS,
483,2023-01-01,mobile,Australia,screen_view,,,,,auto,,MyProfileViewController,1672525171,2.0,GOLD,10,iOS,
484,2023-01-01,mobile,Australia,select_content,Skywards Everyday Statement,Skywards Everyday Statement,My Profile,,app,link,MyProfileViewController,1672525171,2.0,GOLD,10,iOS,
485,2023-01-01,mobile,Australia,user_engagement,,,,,auto,,MyProfileViewController,1672525171,2.0,GOLD,10,iOS,
486,2023-01-01,mobile,Australia,screen_view,,,,,auto,,StatementsViewController,1672525171,2.0,GOLD,10,iOS,
487,2023-01-01,mobile,Australia,screen_view,,,,Skywards Everyday Statement:No transactions yet,app,,BaseTabBarViewController,1672525171,2.0,GOLD,10,iOS,
488,2023-01-01,mobile,Australia,user_engagement,,,,Skywards Everyday Statement:No transactions yet,auto,,BaseTabBarViewController,1672525171,2.0,GOLD,10,iOS,
489,2023-01-01,mobile,Australia,screen_view,,,,My Profile,app,,BaseTabBarViewController,1672525171,2.0,GOLD,10,iOS,
490,2023-01-01,mobile,Australia,screen_view,,,,,auto,,MyProfileViewController,1672525171,2.0,GOLD,10,iOS,
491,2023-01-01,mobile,Australia,user_engagement,,,,,auto,,MyProfileViewController,1672525171,2.0,GOLD,10,iOS,
492,2023-01-01,mobile,Australia,screen_view,,,,Home,app,,BaseTabBarViewController,1672525171,2.0,GOLD,10,iOS,
493,2023-01-01,mobile,Australia,screen_view,,,,,auto,,HomeViewController,1672525171,2.0,GOLD,10,iOS,
494,2023-01-01,mobile,Australia,user_engagement,,,,,auto,,HomeViewController,1672525171,2.0,GOLD,10,iOS,
495,2023-01-01,mobile,Australia,screen_view,,,,Categories,app,,BaseTabBarViewController,1672525171,2.0,GOLD,10,iOS,
496,2023-01-01,mobile,Australia,screen_view,,,,,auto,,CategoriesViewController,1672525171,2.0,GOLD,10,iOS,
497,2023-01-01,mobile,Australia,select_content,Categories:All Partners,Categories:All Partners,Categories,,app,card,CategoriesViewController,1672525171,2.0,GOLD,10,iOS,
498,2023-01-01,mobile,Australia,user_engagement,,,,,auto,,CategoriesViewController,1672525171,2.0,GOLD,10,iOS,
499,2023-01-01,mobile,Australia,screen_view,,,,All Partners,app,,BaseTabBarViewController,1672525171,2.0,GOLD,10,iOS,
